Workbook

Sheet Accueil

Sheet 1-Demandes SAV
B3: 46254
B4: 46253
B5: 46248 | L5: 46252
B6: 46248 | L6: 46252
B7: 46246
B8: 46246
B9: 46246
B10: 46227
B11: 46211
B12: 46210
B13: 46174
B14: 46174
B15: 46174
B16: 46150
B17: 46028
B18: 46028
... B23: 46028
B24: 46023 | P24: 46087
P27: 46087
P28: 46087
P30: 46197

Sheet 2-Ma tournée
H5: =IFERROR(IF(INDEX('1-Demandes SAV'!$L$2:$L$601,MATCH(1,'1-Demandes SAV'!$AB$2:$AB$601,0))="","",INDEX('1-Demandes SAV'!$L$2:$L$601,MATCH(1,'1-Demandes SAV'!$AB$2:$AB$601,0))),"") -> 46252
H6: =IFERROR(IF(INDEX('1-Demandes SAV'!$L$2:$L$601,MATCH(2,'1-Demandes SAV'!$AB$2:$AB$601,0))="","",INDEX('1-Demandes SAV'!$L$2:$L$601,MATCH(2,'1-Demandes SAV'!$AB$2:$AB$601,0))),"") -> 46252

Sheet 3-Parc machines
R2: =IF($A2="","",IFERROR(_xlfn.MAXIFS('6-Historique'!$D$2:$D$1997,'6-Historique'!$B$2:$B$1997,$A2),"")) -> 46007
R3: =IF($A3="","",IFERROR(_xlfn.MAXIFS('6-Historique'!$D$2:$D$1997,'6-Historique'!$B$2:$B$1997,$A3),"")) -> 45359
R4: =IF($A4="","",IFERROR(_xlfn.MAXIFS('6-Historique'!$D$2:$D$1997,'6-Historique'!$B$2:$B$1997,$A4),"")) -> 0
R5: =IF($A5="","",IFERROR(_xlfn.MAXIFS('6-Historique'!$D$2:$D$1997,'6-Historique'!$B$2:$B$1997,$A5),"")) -> 0
R6: =IF($A6="","",IFERROR(_xlfn.MAXIFS('6-Historique'!$D$2:$D$1997,'6-Historique'!$B$2:$B$1997,$A6),"")) -> 43724 | T6: =IF($A6="","",IFERROR(INDEX('4-VGP'!$A$2:$A$334,MATCH($A6,'4-VGP'!$N$2:$N$334,0)),"")) -> 45748 | W6: =IF($T6="","",EDATE($T6,'8-Param'!$Q$2)) -> 46113
R7: =IF($A7="","",IFERROR(_xlfn.MAXIFS('6-Historique'!$D$2:$D$1997,'6-Historique'!$B$2:$B$1997,$A7),"")) -> 45989
R8: =IF($A8="","",IFERROR(_xlfn.MAXIFS('6-Historique'!$D$2:$D$1997,'6-Historique'!$B$2:$B$1997,$A8),"")) -> 0 | T8: =IF($A8="","",IFERROR(INDEX('4-VGP'!$A$2:$A$334,MATCH($A8,'4-VGP'!$N$2:$N$334,0)),"")) -> 45748 | W8: =IF($T8="","",EDATE($T8,'8-Param'!$Q$2)) -> 46113
R9: =IF($A9="","",IFERROR(_xlfn.MAXIFS('6-Historique'!$D$2:$D$1997,'6-Historique'!$B$2:$B$1997,$A9),"")) -> 45989
R10: =IF($A10="","",IFERROR(_xlfn.MAXIFS('6-Historique'!$D$2:$D$1997,'6-Historique'!$B$2:$B$1997,$A10),"")) -> 45846
R11: =IF($A11="","",IFERROR(_xlfn.MAXIFS('6-Historique'!$D$2:$D$1997,'6-Historique'!$B$2:$B$1997,$A11),"")) -> 45758
R12: =IF($A12="","",IFERROR(_xlfn.MAXIFS('6-Historique'!$D$2:$D$1997,'6-Historique'!$B$2:$B$1997,$A12),"")) -> 45688
R13: =IF($A13="","",IFERROR(_xlfn.MAXIFS('6-Historique'!$D$2:$D$1997,'6-Historique'!$B$2:$B$1997,$A13),"")) -> 0
R14: =IF($A14="","",IFERROR(_xlfn.MAXIFS('6-Historique'!$D$2:$D$1997,'6-Historique'!$B$2:$B$1997,$A14),"")) -> 46230 | T14: =IF($A14="","",IFERROR(INDEX('4-VGP'!$A$2:$A$334,MATCH($A14,'4-VGP'!$N$2:$N$334,0)),"")) -> 46097 | W14: =IF($T14="","",EDATE($T14,'8-Param'!$Q$2)) -> 46462
R15: =IF($A15="","",IFERROR(_xlfn.MAXIFS('6-Historique'!$D$2:$D$1997,'6-Historique'!$B$2:$B$1997,$A15),"")) -> 0
R16: =IF($A16="","",IFERROR(_xlfn.MAXIFS('6-Historique'!$D$2:$D$1997,'6-Historique'!$B$2:$B$1997,$A16),"")) -> 46092
R17: =IF($A17="","",IFERROR(_xlfn.MAXIFS('6-Historique'!$D$2:$D$1997,'6-Historique'!$B$2:$B$1997,$A17),"")) -> 0 | T17: =IF($A17="","",IFERROR(INDEX('4-VGP'!$A$2:$A$334,MATCH($A17,'4-VGP'!$N$2:$N$334,0)),"")) -> 45729 | W17: =IF($T17="","",EDATE($T17,'8-Param'!$Q$2)) -> 46094
R18: =IF($A18="","",IFERROR(_xlfn.MAXIFS('6-Historique'!$D$2:$D$1997,'6-Historique'!$B$2:$B$1997,$A18),"")) -> 0 | T18: =IF($A18="","",IFERROR(INDEX('4-VGP'!$A$2:$A$334,MATCH($A18,'4-VGP'!$N$2:$N$334,0)),"")) -> 45729 | W18: =IF($T18="","",EDATE($T18,'8-Param'!$Q$2)) -> 46094
R19: =IF($A19="","",IFERROR(_xlfn.MAXIFS('6-Historique'!$D$2:$D$1997,'6-Historique'!$B$2:$B$1997,$A19),"")) -> 0 | T19: =IF($A19="","",IFERROR(INDEX('4-VGP'!$A$2:$A$334,MATCH($A19,'4-VGP'!$N$2:$N$334,0)),"")) -> 45729 | W19: =IF($T19="","",EDATE($T19,'8-Param'!$Q$2)) -> 46094
R20: =IF($A20="","",IFERROR(_xlfn.MAXIFS('6-Historique'!$D$2:$D$1997,'6-Historique'!$B$2:$B$1997,$A20),"")) -> 0
R21: =IF($A21="","",IFERROR(_xlfn.MAXIFS('6-Historique'!$D$2:$D$1997,'6-Historique'!$B$2:$B$1997,$A21),"")) -> 0
R22: =IF($A22="","",IFERROR(_xlfn.MAXIFS('6-Historique'!$D$2:$D$1997,'6-Historique'!$B$2:$B$1997,$A22),"")) -> 46022 | T22: =IF($A22="","",IFERROR(INDEX('4-VGP'!$A$2:$A$334,MATCH($A22,'4-VGP'!$N$2:$N$334,0)),"")) -> 45729 | W22: =IF($T22="","",EDATE($T22,'8-Param'!$Q$2)) -> 46094
R23: =IF($A23="","",IFERROR(_xlfn.MAXIFS('6-Historique'!$D$2:$D$1997,'6-Historique'!$B$2:$B$1997,$A23),"")) -> 45866 | T23: =IF($A23="","",IFERROR(INDEX('4-VGP'!$A$2:$A$334,MATCH($A23,'4-VGP'!$N$2:$N$334,0)),"")) -> 45729 | W23: =IF($T23="","",EDATE($T23,'8-Param'!$Q$2)) -> 46094
R24: =IF($A24="","",IFERROR(_xlfn.MAXIFS('6-Historique'!$D$2:$D$1997,'6-Historique'!$B$2:$B$1997,$A24),"")) -> 46195 | T24: =IF($A24="","",IFERROR(INDEX('4-VGP'!$A$2:$A$334,MATCH($A24,'4-VGP'!$N$2:$N$334,0)),"")) -> 45729 | W24: =IF($T24="","",EDATE($T24,'8-Param'!$Q$2)) -> 46094
R25: =IF($A25="","",IFERROR(_xlfn.MAXIFS('6-Historique'!$D$2:$D$1997,'6-Historique'!$B$2:$B$1997,$A25),"")) -> 0 | T25: =IF($A25="","",IFERROR(INDEX('4-VGP'!$A$2:$A$334,MATCH($A25,'4-VGP'!$N$2:$N$334,0)),"")) -> 45729 | W25: =IF($T25="","",EDATE($T25,'8-Param'!$Q$2)) -> 46094
R26: =IF($A26="","",IFERROR(_xlfn.MAXIFS('6-Historique'!$D$2:$D$1997,'6-Historique'!$B$2:$B$1997,$A26),"")) -> 0
R27: =IF($A27="","",IFERROR(_xlfn.MAXIFS('6-Historique'!$D$2:$D$1997,'6-Historique'!$B$2:$B$1997,$A27),"")) -> 0
R28: =IF($A28="","",IFERROR(_xlfn.MAXIFS('6-Historique'!$D$2:$D$1997,'6-Historique'!$B$2:$B$1997,$A28),"")) -> 0
R29: =IF($A29="","",IFERROR(_xlfn.MAXIFS('6-Historique'!$D$2:$D$1997,'6-Historique'!$B$2:$B$1997,$A29),"")) -> 0
R30: =IF($A30="","",IFERROR(_xlfn.MAXIFS('6-Historique'!$D$2:$D$1997,'6-Historique'!$B$2:$B$1997,$A30),"")) -> 0
R31: =IF($A31="","",IFERROR(_xlfn.MAXIFS('6-Historique'!$D$2:$D$1997,'6-Historique'!$B$2:$B$1997,$A31),"")) -> 0
R32: =IF($A32="","",IFERROR(_xlfn.MAXIFS('6-Historique'!$D$2:$D$1997,'6-Historique'!$B$2:$B$1997,$A32),"")) -> 0
R33: =IF($A33="","",IFERROR(_xlfn.MAXIFS('6-Historique'!$D$2:$D$1997,'6-Historique'!$B$2:$B$1997,$A33),"")) -> 0
R34: =IF($A34="","",IFERROR(_xlfn.MAXIFS('6-Historique'!$D$2:$D$1997,'6-Historique'!$B$2:$B$1997,$A34),"")) -> 0
R35: =IF($A35="","",IFERROR(_xlfn.MAXIFS('6-Historique'!$D$2:$D$1997,'6-Historique'!$B$2:$B$1997,$A35),"")) -> 0
R36: =IF($A36="","",IFERROR(_xlfn.MAXIFS('6-Historique'!$D$2:$D$1997,'6-Historique'!$B$2:$B$1997,$A36),"")) -> 0 | T36: =IF($A36="","",IFERROR(INDEX('4-VGP'!$A$2:$A$334,MATCH($A36,'4-VGP'!$N$2:$N$334,0)),"")) -> 45755 | W36: =IF($T36="","",EDATE($T36,'8-Param'!$Q$2)) -> 46120
R37: =IF($A37="","",IFERROR(_xlfn.MAXIFS('6-Historique'!$D$2:$D$1997,'6-Historique'!$B$2:$B$1997,$A37),"")) -> 0
R38: =IF($A38="","",IFERROR(_xlfn.MAXIFS('6-Historique'!$D$2:$D$1997,'6-Historique'!$B$2:$B$1997,$A38),"")) -> 0
R39: =IF($A39="","",IFERROR(_xlfn.MAXIFS('6-Historique'!$D$2:$D$1997,'6-Historique'!$B$2:$B$1997,$A39),"")) -> 0
R40: =IF($A40="","",IFERROR(_xlfn.MAXIFS('6-Historique'!$D$2:$D$1997,'6-Historique'!$B$2:$B$1997,$A40),"")) -> 0
R41: =IF($A41="","",IFERROR(_xlfn.MAXIFS('6-Historique'!$D$2:$D$1997,'6-Historique'!$B$2:$B$1997,$A41),"")) -> 0
R42: =IF($A42="","",IFERROR(_xlfn.MAXIFS('6-Historique'!$D$2:$D$1997,'6-Historique'!$B$2:$B$1997,$A42),"")) -> 0
R43: =IF($A43="","",IFERROR(_xlfn.MAXIFS('6-Historique'!$D$2:$D$1997,'6-Historique'!$B$2:$B$1997,$A43),"")) -> 0
R44: =IF($A44="","",IFERROR(_xlfn.MAXIFS('6-Historique'!$D$2:$D$1997,'6-Historique'!$B$2:$B$1997,$A44),"")) -> 0
R45: =IF($A45="","",IFERROR(_xlfn.MAXIFS('6-Historique'!$D$2:$D$1997,'6-Historique'!$B$2:$B$1997,$A45),"")) -> 0 | T45: =IF($A45="","",IFERROR(INDEX('4-VGP'!$A$2:$A$334,MATCH($A45,'4-VGP'!$N$2:$N$334,0)),"")) -> 46093 | W45: =IF($T45="","",EDATE($T45,'8-Param'!$Q$2)) -> 46458
R46: =IF($A46="","",IFERROR(_xlfn.MAXIFS('6-Historique'!$D$2:$D$1997,'6-Historique'!$B$2:$B$1997,$A46),"")) -> 0 | T46: =IF($A46="","",IFERROR(INDEX('4-VGP'!$A$2:$A$334,MATCH($A46,'4-VGP'!$N$2:$N$334,0)),"")) -> 45729 | W46: =IF($T46="","",EDATE($T46,'8-Param'!$Q$2)) -> 46094
R47: =IF($A47="","",IFERROR(_xlfn.MAXIFS('6-Historique'!$D$2:$D$1997,'6-Historique'!$B$2:$B$1997,$A47),"")) -> 0
R48: =IF($A48="","",IFERROR(_xlfn.MAXIFS('6-Historique'!$D$2:$D$1997,'6-Historique'!$B$2:$B$1997,$A48),"")) -> 0
R49: =IF($A49="","",IFERROR(_xlfn.MAXIFS('6-Historique'!$D$2:$D$1997,'6-Historique'!$B$2:$B$1997,$A49),"")) -> 0 | T49: =IF($A49="","",IFERROR(INDEX('4-VGP'!$A$2:$A$334,MATCH($A49,'4-VGP'!$N$2:$N$334,0)),"")) -> 46093 | W49: =IF($T49="","",EDATE($T49,'8-Param'!$Q$2)) -> 46458
R50: =IF($A50="","",IFERROR(_xlfn.MAXIFS('6-Historique'!$D$2:$D$1997,'6-Historique'!$B$2:$B$1997,$A50),"")) -> 0 | T50: =IF($A50="","",IFERROR(INDEX('4-VGP'!$A$2:$A$334,MATCH($A50,'4-VGP'!$N$2:$N$334,0)),"")) -> 46093 | W50: =IF($T50="","",EDATE($T50,'8-Param'!$Q$2)) -> 46458
R51: =IF($A51="","",IFERROR(_xlfn.MAXIFS('6-Historique'!$D$2:$D$1997,'6-Historique'!$B$2:$B$1997,$A51),"")) -> 0 | T51: =IF($A51="","",IFERROR(INDEX('4-VGP'!$A$2:$A$334,MATCH($A51,'4-VGP'!$N$2:$N$334,0)),"")) -> 45729 | W51: =IF($T51="","",EDATE($T51,'8-Param'!$Q$2)) -> 46094
R52: =IF($A52="","",IFERROR(_xlfn.MAXIFS('6-Historique'!$D$2:$D$1997,'6-Historique'!$B$2:$B$1997,$A52),"")) -> 0 | T52: =IF($A52="","",IFERROR(INDEX('4-VGP'!$A$2:$A$334,MATCH($A52,'4-VGP'!$N$2:$N$334,0)),"")) -> 45729 | W52: =IF($T52="","",EDATE($T52,'8-Param'!$Q$2)) -> 46094
R53: =IF($A53="","",IFERROR(_xlfn.MAXIFS('6-Historique'!$D$2:$D$1997,'6-Historique'!$B$2:$B$1997,$A53),"")) -> 0 | T53: =IF($A53="","",IFERROR(INDEX('4-VGP'!$A$2:$A$334,MATCH($A53,'4-VGP'!$N$2:$N$334,0)),"")) -> 45755 | W53: =IF($T53="","",EDATE($T53,'8-Param'!$Q$2)) -> 46120
R54: =IF($A54="","",IFERROR(_xlfn.MAXIFS('6-Historique'!$D$2:$D$1997,'6-Historique'!$B$2:$B$1997,$A54),"")) -> 0 | T54: =IF($A54="","",IFERROR(INDEX('4-VGP'!$A$2:$A$334,MATCH($A54,'4-VGP'!$N$2:$N$334,0)),"")) -> 45755 | W54: =IF($T54="","",EDATE($T54,'8-Param'!$Q$2)) -> 46120
R55: =IF($A55="","",IFERROR(_xlfn.MAXIFS('6-Historique'!$D$2:$D$1997,'6-Historique'!$B$2:$B$1997,$A55),"")) -> 0 | T55: =IF($A55="","",IFERROR(INDEX('4-VGP'!$A$2:$A$334,MATCH($A55,'4-VGP'!$N$2:$N$334,0)),"")) -> 46093 | W55: =IF($T55="","",EDATE($T55,'8-Param'!$Q$2)) -> 46458
R56: =IF($A56="","",IFERROR(_xlfn.MAXIFS('6-Historique'!$D$2:$D$1997,'6-Historique'!$B$2:$B$1997,$A56),"")) -> 0 | T56: =IF($A56="","",IFERROR(INDEX('4-VGP'!$A$2:$A$334,MATCH($A56,'4-VGP'!$N$2:$N$334,0)),"")) -> 46093 | W56: =IF($T56="","",EDATE($T56,'8-Param'!$Q$2)) -> 46458
R57: =IF($A57="","",IFERROR(_xlfn.MAXIFS('6-Historique'!$D$2:$D$1997,'6-Historique'!$B$2:$B$1997,$A57),"")) -> 0 | T57: =IF($A57="","",IFERROR(INDEX('4-VGP'!$A$2:$A$334,MATCH($A57,'4-VGP'!$N$2:$N$334,0)),"")) -> 46093 | W57: =IF($T57="","",EDATE($T57,'8-Param'!$Q$2)) -> 46458
R58: =IF($A58="","",IFERROR(_xlfn.MAXIFS('6-Historique'!$D$2:$D$1997,'6-Historique'!$B$2:$B$1997,$A58),"")) -> 0 | T58: =IF($A58="","",IFERROR(INDEX('4-VGP'!$A$2:$A$334,MATCH($A58,'4-VGP'!$N$2:$N$334,0)),"")) -> 46093 | W58: =IF($T58="","",EDATE($T58,'8-Param'!$Q$2)) -> 46458
R59: =IF($A59="","",IFERROR(_xlfn.MAXIFS('6-Historique'!$D$2:$D$1997,'6-Historique'!$B$2:$B$1997,$A59),"")) -> 0
R60: =IF($A60="","",IFERROR(_xlfn.MAXIFS('6-Historique'!$D$2:$D$1997,'6-Historique'!$B$2:$B$1997,$A60),"")) -> 0
R61: =IF($A61="","",IFERROR(_xlfn.MAXIFS('6-Historique'!$D$2:$D$1997,'6-Historique'!$B$2:$B$1997,$A61),"")) -> 46181 | T61: =IF($A61="","",IFERROR(INDEX('4-VGP'!$A$2:$A$334,MATCH($A61,'4-VGP'!$N$2:$N$334,0)),"")) -> 46093 | W61: =IF($T61="","",EDATE($T61,'8-Param'!$Q$2)) -> 46458
R62: =IF($A62="","",IFERROR(_xlfn.MAXIFS('6-Historique'!$D$2:$D$1997,'6-Historique'!$B$2:$B$1997,$A62),"")) -> 45866 | T62: =IF($A62="","",IFERROR(INDEX('4-VGP'!$A$2:$A$334,MATCH($A62,'4-VGP'!$N$2:$N$334,0)),"")) -> 45729 | W62: =IF($T62="","",EDATE($T62,'8-Param'!$Q$2)) -> 46094
R63: =IF($A63="","",IFERROR(_xlfn.MAXIFS('6-Historique'!$D$2:$D$1997,'6-Historique'!$B$2:$B$1997,$A63),"")) -> 45695 | T63: =IF($A63="","",IFERROR(INDEX('4-VGP'!$A$2:$A$334,MATCH($A63,'4-VGP'!$N$2:$N$334,0)),"")) -> 46093 | W63: =IF($T63="","",EDATE($T63,'8-Param'!$Q$2)) -> 46458
R64: =IF($A64="","",IFERROR(_xlfn.MAXIFS('6-Historique'!$D$2:$D$1997,'6-Historique'!$B$2:$B$1997,$A64),"")) -> 46181 | T64: =IF($A64="","",IFERROR(INDEX('4-VGP'!$A$2:$A$334,MATCH($A64,'4-VGP'!$N$2:$N$334,0)),"")) -> 46093 | W64: =IF($T64="","",EDATE($T64,'8-Param'!$Q$2)) -> 46458
R65: =IF($A65="","",IFERROR(_xlfn.MAXIFS('6-Historique'!$D$2:$D$1997,'6-Historique'!$B$2:$B$1997,$A65),"")) -> 44992 | T65: =IF($A65="","",IFERROR(INDEX('4-VGP'!$A$2:$A$334,MATCH($A65,'4-VGP'!$N$2:$N$334,0)),"")) -> 45729 | W65: =IF($T65="","",EDATE($T65,'8-Param'!$Q$2)) -> 46094
R66: =IF($A66="","",IFERROR(_xlfn.MAXIFS('6-Historique'!$D$2:$D$1997,'6-Historique'!$B$2:$B$1997,$A66),"")) -> 0
R67: =IF($A67="","",IFERROR(_xlfn.MAXIFS('6-Historique'!$D$2:$D$1997,'6-Historique'!$B$2:$B$1997,$A67),"")) -> 0
R68: =IF($A68="","",IFERROR(_xlfn.MAXIFS('6-Historique'!$D$2:$D$1997,'6-Historique'!$B$2:$B$1997,$A68),"")) -> 0
R69: =IF($A69="","",IFERROR(_xlfn.MAXIFS('6-Historique'!$D$2:$D$1997,'6-Historique'!$B$2:$B$1997,$A69),"")) -> 0 | T69: =IF($A69="","",IFERROR(INDEX('4-VGP'!$A$2:$A$334,MATCH($A69,'4-VGP'!$N$2:$N$334,0)),"")) -> 46092 | W69: =IF($T69="","",EDATE($T69,'8-Param'!$Q$2)) -> 46457
R70: =IF($A70="","",IFERROR(_xlfn.MAXIFS('6-Historique'!$D$2:$D$1997,'6-Historique'!$B$2:$B$1997,$A70),"")) -> 46093 | T70: =IF($A70="","",IFERROR(INDEX('4-VGP'!$A$2:$A$334,MATCH($A70,'4-VGP'!$N$2:$N$334,0)),"")) -> 46092 | W70: =IF($T70="","",EDATE($T70,'8-Param'!$Q$2)) -> 46457
R71: =IF($A71="","",IFERROR(_xlfn.MAXIFS('6-Historique'!$D$2:$D$1997,'6-Historique'!$B$2:$B$1997,$A71),"")) -> 0
R72: =IF($A72="","",IFERROR(_xlfn.MAXIFS('6-Historique'!$D$2:$D$1997,'6-Historique'!$B$2:$B$1997,$A72),"")) -> 0
R73: =IF($A73="","",IFERROR(_xlfn.MAXIFS('6-Historique'!$D$2:$D$1997,'6-Historique'!$B$2:$B$1997,$A73),"")) -> 0
R74: =IF($A74="","",IFERROR(_xlfn.MAXIFS('6-Historique'!$D$2:$D$1997,'6-Historique'!$B$2:$B$1997,$A74),"")) -> 0
R75: =IF($A75="","",IFERROR(_xlfn.MAXIFS('6-Historique'!$D$2:$D$1997,'6-Historique'!$B$2:$B$1997,$A75),"")) -> 0
R76: =IF($A76="","",IFERROR(_xlfn.MAXIFS('6-Historique'!$D$2:$D$1997,'6-Historique'!$B$2:$B$1997,$A76),"")) -> 0
R77: =IF($A77="","",IFERROR(_xlfn.MAXIFS('6-Historique'!$D$2:$D$1997,'6-Historique'!$B$2:$B$1997,$A77),"")) -> 0 | T77: =IF($A77="","",IFERROR(INDEX('4-VGP'!$A$2:$A$334,MATCH($A77,'4-VGP'!$N$2:$N$334,0)),"")) -> 44476 | W77: =IF($T77="","",EDATE($T77,'8-Param'!$Q$2)) -> 44841
R78: =IF($A78="","",IFERROR(_xlfn.MAXIFS('6-Historique'!$D$2:$D$1997,'6-Historique'!$B$2:$B$1997,$A78),"")) -> 0 | T78: =IF($A78="","",IFERROR(INDEX('4-VGP'!$A$2:$A$334,MATCH($A78,'4-VGP'!$N$2:$N$334,0)),"")) -> 44476 | W78: =IF($T78="","",EDATE($T78,'8-Param'!$Q$2)) -> 44841
R79: =IF($A79="","",IFERROR(_xlfn.MAXIFS('6-Historique'!$D$2:$D$1997,'6-Historique'!$B$2:$B$1997,$A79),"")) -> 0 | T79: =IF($A79="","",IFERROR(INDEX('4-VGP'!$A$2:$A$334,MATCH($A79,'4-VGP'!$N$2:$N$334,0)),"")) -> 44476 | W79: =IF($T79="","",EDATE($T79,'8-Param'!$Q$2)) -> 44841
R80: =IF($A80="","",IFERROR(_xlfn.MAXIFS('6-Historique'!$D$2:$D$1997,'6-Historique'!$B$2:$B$1997,$A80),"")) -> 45278
R81: =IF($A81="","",IFERROR(_xlfn.MAXIFS('6-Historique'!$D$2:$D$1997,'6-Historique'!$B$2:$B$1997,$A81),"")) -> 0
R82: =IF($A82="","",IFERROR(_xlfn.MAXIFS('6-Historique'!$D$2:$D$1997,'6-Historique'!$B$2:$B$1997,$A82),"")) -> 46253
R83: =IF($A83="","",IFERROR(_xlfn.MAXIFS('6-Historique'!$D$2:$D$1997,'6-Historique'!$B$2:$B$1997,$A83),"")) -> 0
R84: =IF($A84="","",IFERROR(_xlfn.MAXIFS('6-Historique'!$D$2:$D$1997,'6-Historique'!$B$2:$B$1997,$A84),"")) -> 0
R85: =IF($A85="","",IFERROR(_xlfn.MAXIFS('6-Historique'!$D$2:$D$1997,'6-Historique'!$B$2:$B$1997,$A85),"")) -> 0 | T85: =IF($A85="","",IFERROR(INDEX('4-VGP'!$A$2:$A$334,MATCH($A85,'4-VGP'!$N$2:$N$334,0)),"")) -> 46210 | W85: =IF($T85="","",EDATE($T85,'8-Param'!$Q$2)) -> 46575
R86: =IF($A86="","",IFERROR(_xlfn.MAXIFS('6-Historique'!$D$2:$D$1997,'6-Historique'!$B$2:$B$1997,$A86),"")) -> 45936
R87: =IF($A87="","",IFERROR(_xlfn.MAXIFS('6-Historique'!$D$2:$D$1997,'6-Historique'!$B$2:$B$1997,$A87),"")) -> 46220 | T87: =IF($A87="","",IFERROR(INDEX('4-VGP'!$A$2:$A$334,MATCH($A87,'4-VGP'!$N$2:$N$334,0)),"")) -> 46210 | W87: =IF($T87="","",EDATE($T87,'8-Param'!$Q$2)) -> 46575
R88: =IF($A88="","",IFERROR(_xlfn.MAXIFS('6-Historique'!$D$2:$D$1997,'6-Historique'!$B$2:$B$1997,$A88),"")) -> 46253 | T88: =IF($A88="","",IFERROR(INDEX('4-VGP'!$A$2:$A$334,MATCH($A88,'4-VGP'!$N$2:$N$334,0)),"")) -> 46210 | W88: =IF($T88="","",EDATE($T88,'8-Param'!$Q$2)) -> 46575
R89: =IF($A89="","",IFERROR(_xlfn.MAXIFS('6-Historique'!$D$2:$D$1997,'6-Historique'!$B$2:$B$1997,$A89),"")) -> 46079 | T89: =IF($A89="","",IFERROR(INDEX('4-VGP'!$A$2:$A$334,MATCH($A89,'4-VGP'!$N$2:$N$334,0)),"")) -> 46210 | W89: =IF($T89="","",EDATE($T89,'8-Param'!$Q$2)) -> 46575
R90: =IF($A90="","",IFERROR(_xlfn.MAXIFS('6-Historique'!$D$2:$D$1997,'6-Historique'!$B$2:$B$1997,$A90),"")) -> 0 | T90: =IF($A90="","",IFERROR(INDEX('4-VGP'!$A$2:$A$334,MATCH($A90,'4-VGP'!$N$2:$N$334,0)),"")) -> 46210 | W90: =IF($T90="","",EDATE($T90,'8-Param'!$Q$2)) -> 46575
R91: =IF($A91="","",IFERROR(_xlfn.MAXIFS('6-Historique'!$D$2:$D$1997,'6-Historique'!$B$2:$B$1997,$A91),"")) -> 0 | T91: =IF($A91="","",IFERROR(INDEX('4-VGP'!$A$2:$A$334,MATCH($A91,'4-VGP'!$N$2:$N$334,0)),"")) -> 46210 | W91: =IF($T91="","",EDATE($T91,'8-Param'!$Q$2)) -> 46575
R92: =IF($A92="","",IFERROR(_xlfn.MAXIFS('6-Historique'!$D$2:$D$1997,'6-Historique'!$B$2:$B$1997,$A92),"")) -> 0 | T92: =IF($A92="","",IFERROR(INDEX('4-VGP'!$A$2:$A$334,MATCH($A92,'4-VGP'!$N$2:$N$334,0)),"")) -> 46210 | W92: =IF($T92="","",EDATE($T92,'8-Param'!$Q$2)) -> 46575
R93: =IF($A93="","",IFERROR(_xlfn.MAXIFS('6-Historique'!$D$2:$D$1997,'6-Historique'!$B$2:$B$1997,$A93),"")) -> 0 | T93: =IF($A93="","",IFERROR(INDEX('4-VGP'!$A$2:$A$334,MATCH($A93,'4-VGP'!$N$2:$N$334,0)),"")) -> 46210 | W93: =IF($T93="","",EDATE($T93,'8-Param'!$Q$2)) -> 46575
R94: =IF($A94="","",IFERROR(_xlfn.MAXIFS('6-Historique'!$D$2:$D$1997,'6-Historique'!$B$2:$B$1997,$A94),"")) -> 0 | T94: =IF($A94="","",IFERROR(INDEX('4-VGP'!$A$2:$A$334,MATCH($A94,'4-VGP'!$N$2:$N$334,0)),"")) -> 46210 | W94: =IF($T94="","",EDATE($T94,'8-Param'!$Q$2)) -> 46575
R95: =IF($A95="","",IFERROR(_xlfn.MAXIFS('6-Historique'!$D$2:$D$1997,'6-Historique'!$B$2:$B$1997,$A95),"")) -> 0 | T95: =IF($A95="","",IFERROR(INDEX('4-VGP'!$A$2:$A$334,MATCH($A95,'4-VGP'!$N$2:$N$334,0)),"")) -> 46210 | W95: =IF($T95="","",EDATE($T95,'8-Param'!$Q$2)) -> 46575
R96: =IF($A96="","",IFERROR(_xlfn.MAXIFS('6-Historique'!$D$2:$D$1997,'6-Historique'!$B$2:$B$1997,$A96),"")) -> 0 | T96: =IF($A96="","",IFERROR(INDEX('4-VGP'!$A$2:$A$334,MATCH($A96,'4-VGP'!$N$2:$N$334,0)),"")) -> 46210 | W96: =IF($T96="","",EDATE($T96,'8-Param'!$Q$2)) -> 46575
R97: =IF($A97="","",IFERROR(_xlfn.MAXIFS('6-Historique'!$D$2:$D$1997,'6-Historique'!$B$2:$B$1997,$A97),"")) -> 0
R98: =IF($A98="","",IFERROR(_xlfn.MAXIFS('6-Historique'!$D$2:$D$1997,'6-Historique'!$B$2:$B$1997,$A98),"")) -> 0
R99: =IF($A99="","",IFERROR(_xlfn.MAXIFS('6-Historique'!$D$2:$D$1997,'6-Historique'!$B$2:$B$1997,$A99),"")) -> 0
R100: =IF($A100="","",IFERROR(_xlfn.MAXIFS('6-Historique'!$D$2:$D$1997,'6-Historique'!$B$2:$B$1997,$A100),"")) -> 0 | T100: =IF($A100="","",IFERROR(INDEX('4-VGP'!$A$2:$A$334,MATCH($A100,'4-VGP'!$N$2:$N$334,0)),"")) -> 46092 | W100: =IF($T100="","",EDATE($T100,'8-Param'!$Q$2)) -> 46457
R101: =IF($A101="","",IFERROR(_xlfn.MAXIFS('6-Historique'!$D$2:$D$1997,'6-Historique'!$B$2:$B$1997,$A101),"")) -> 0
...

Sheet 4-VGP
A2: 45748
A3: 45748
A4: 45748
A5: 46097
A6: 45729
A7: 45729
A8: 45729
A9: 45729
A10: 45729
A11: 45729
A12: 45729
A13: 45755
... A334: 46092

Sheet 5-Observations VGP
B2: 46097 | J2: 46097
B3: 46097 | J3: 46097
B4: 45748 | J4: 45748
B5: 45748 | J5: 45748
B6: 45748 | J6: 45748
B7: 45748 | J7: 45748
B8: 45748 | J8: 45748
B9: 45748 | J9: 45748
B10: 45748 | J10: 45748
B11: 45748 | J11: 45748
B12: 45748 | J12: 45748
B13: 45748 | J13: 45748
... B53: 43949 | J53: 45219
B54: 43949 | J54: 45748 | M54: 45076
B55: 44712 | J55: 45729
B56: 44207 | J56: 45729
B57: 45729 | J57: 45729
B58: 45729 | J58: 45729
B59: 45729 | J59: 45729
B60: 45729 | J60: 45729
B61: 45729 | J61: 45729
B62: 45729 | J62: 45729
B63: 45729 | J63: 45729
B64: 45729 | J64: 45729
B65: 45729 | J65: 45729
B66: 45729 | J66: 45729
... B100: 45307 | J100: 45289
B101: 44608 | J101: 45755 | M101: 45054
B102: 44770 | J102: 45755
B103: 44770 | J103: 45755
B104: 44770 | J104: 45755
B105: 44770 | J105: 45755
B106: 44770 | J106: 45755
B107: 44770 | J107: 45755
B108: 44770 | J108: 45755
B109: 44770 | J109: 46093
B110: 44770 | J110: 45755
B111: 44712 | J111: 45729
B112: 44207 | J112: 45729
B113: 44207 | J113: 45729
... B146: 46210 | J146: 46210
B147: 46210 | J147: 46210 | M147: 46254
B148: 46210 | J148: 46210
B149: 46210 | J149: 46210
B150: 45810 | J150: 46210
B151: 45810 | J151: 46210 | M151: 46254
B152: 44588 | J152: 46210
B153: 44476 | J153: 44476
B154: 44476 | J154: 44476
B155: 44476 | J155: 44476
B156: 46092 | J156: 46092
B157: 45384 | J157: 45742
B158: 45384 | J158: 45742
B159: 45384 | J159: 45742
B160: 45384 | J160: 45742
B161: 45384 | J161: 45742
B162: 45384 | J162: 45742
B163: 44635 | J163: 45742
... B187: 45814 | J187: 45814
B188: 45814 | J188: 45814 | M188: 46213
B189: 45814 | J189: 45814
B190: 45814 | J190: 45814
B191: 45814 | J191: 45814
B192: 45814 | J192: 45814
B193: 45814 | J193: 45814
B194: 45814 | J194: 45814
B195: 45814 | J195: 45814
B196: 45814 | J196: 45814
B197: 45814 | J197: 45814
B198: 45814 | J198: 45814
B199: 45814 | J199: 45814
B200: 45814 | J200: 45814
... B289: 46086 | J289: 46111
B290: 42499 | J290: 44685 | M290: 45271
B291: 45070 | J291: 45498 | M291: 45110
B292: 45498 | J292: 45498 | M292: 45552
B293: 45498 | J293: 45498
B294: 45498 | J294: 45498 | M294: 45534
B295: 45498 | J295: 45498 | M295: 45534
B296: 45498 | J296: 45498 | M296: 45534
B297: 45498 | J297: 45498
B298: 45498 | J298: 45498
B299: 45498 | J299: 45498
B300: 43528 | J300: 44685 | M300: 45271
B301: 43528 | J301: 44685 | M301: 45534
B302: 43188 | J302: 44685 | M302: 45534
B303: 44685 | J303: 44685
B304: 44685 | J304: 44685
B305: 44685 | J305: 45498 | M305: 45534
B306: 43980 | J306: 44685 | M306: 45271
B307: 43980 | J307: 44685
B308: 43980 | J308: 44685 | M308: 45110
B309: 44375 | J309: 44375
B310: 44375 | J310: 44375
B311: 44375 | J311: 44375
B312: 44375 | J312: 44375
B313: 44375 | J313: 44375
B314: 44375 | J314: 44375
B315: 44375 | J315: 44375
B316: 44375 | J316: 44375 | M316: 44649
...

Sheet 6-Historique
D2: 46007
D3: 44043
D4: 45163
D5: 45114
D6: 45131
D7: 45166
D8: 45191
D9: 45225
D10: 45236
D11: 45359
D12: 45359
D13: 45681
... D1997: 45406

Sheet 7-Clients

Sheet 8-Param
